{"name":"Herox - Best Anime App","short_name":"Herox","description":"Herox Best Anime App - Watch and discover anime","start_url":"/","display":"standalone","background_color":"#000000","theme_color":"#000000","orientation":"portrait-primary","scope":"/","lang":"en","categories":["entertainment","multimedia"],"icons":[{"src":"/favicon_io/android-chrome-192x192.png","sizes":"192x192","type":"image/png","purpose":"maskable any"},{"src":"/favicon_io/android-chrome-512x512.png","sizes":"512x512","type":"image/png","purpose":"maskable any"},{"src":"/favicon_io/apple-touch-icon.png","sizes":"180x180","type":"image/png","purpose":"any"},{"src":"/favicon_io/favicon-32x32.png","sizes":"32x32","type":"image/png","purpose":"any"},{"src":"/favicon_io/favicon-16x16.png","sizes":"16x16","type":"image/png","purpose":"any"}],"screenshots":[{"src":"/favicon_io/android-chrome-512x512.png","sizes":"512x512","type":"image/png","form_factor":"narrow"}],"prefer_related_applications":false,"shortcuts":[{"name":"Home","short_name":"Home","description":"Go to home page","url":"/","icons":[{"src":"/favicon_io/android-chrome-192x192.png","sizes":"192x192"}]},{"name":"My List","short_name":"My List","description":"View your anime list","url":"/my-list","icons":[{"src":"/favicon_io/android-chrome-192x192.png","sizes":"192x192"}]},{"name":"Schedule","short_name":"Schedule","description":"Check anime schedule","url":"/schedule","icons":[{"src":"/favicon_io/android-chrome-192x192.png","sizes":"192x192"}]}]}